tag,MAE,RMSE,R2
TEST_Kandy,2.1757638738607836,3.0378418705362726,0.9428388379867882
