tag,MAE,RMSE,R2
TEST_Kandy,4.0197221549350175,5.578336900697194,0.9321810261486616
