tag,MAE,RMSE,R2
VAL,0.30670801092196526,0.4674640829970098,0.9893144953233554
TEST,1.382582563854766,2.0286159445465213,0.9367019336065963
