tag,MAE,RMSE,R2
VAL,0.9983268079937972,1.6850950899273751,0.9738323729732099
TEST,2.1757638738607836,3.0378418705362726,0.9428388379867882
