tag,MAE,RMSE,R2
VAL,1.5690241850203257,2.524100168831849,0.9809036047992885
TEST,4.0197221549350175,5.578336900697194,0.9321810261486616
