tag,MAE,RMSE,R2
TEST_Kandy,1.382582563854766,2.0286159445465213,0.9367019336065963
